<keymap version="1" name="Sublime Text copy" parent="Sublime Text">
  <action id="ActivateDatabaseToolWindow">
    <keyboard-shortcut first-keystroke="alt d" />
  </action>
  <action id="ForceRunToCursor">
    <keyboard-shortcut first-keystroke="alt f9" />
  </action>
  <action id="ForceStepInto">
    <keyboard-shortcut first-keystroke="f9" />
  </action>
  <action id="ReformatCode">
    <keyboard-shortcut first-keystroke="ctrl alt l" />
    <keyboard-shortcut first-keystroke="shift ctrl alt a" />
  </action>
  <action id="RunToCursor">
    <keyboard-shortcut first-keystroke="f10" />
  </action>
</keymap>